0	0.00000	0.00000	0
1	0.00000	0.00000	0
2	0.00000	0.00000	0
3	0.38629	0.38062	0
4	0.00000	0.00000	0
5	0.00000	0.00000	0
6	0.00000	0.00000	0
7	0.01217	0.00000	0
8	0.00000	0.00000	0
9	0.00000	0.00000	0
10	0.49477	0.49419	0
11	0.01642	0.00000	0
12	0.49101	0.49200	0
13	0.00000	0.00000	0
14	0.00000	0.00000	0
15	0.30788	0.27971	0
16	0.00000	0.00000	0
17	0.00000	0.00000	0
18	0.37475	0.38357	0
19	0.00000	0.00000	0
20	0.00000	0.00000	0
21	0.38093	0.37909	0
22	0.00000	0.00000	0
23	0.00000	0.00000	0
24	0.38654	0.37997	0
25	0.00000	0.00000	0
26	0.00000	0.00000	0
27	0.00000	0.00000	0
28	0.49083	0.49221	0
29	0.00000	0.00000	0
30	0.49400	0.49444	0
31	0.37950	0.38449	0
32	0.03521	0.01173	1
33	0.00000	0.00000	0
34	0.28504	0.14221	1
35	0.00000	0.00000	0
36	0.00000	0.00000	0
37	0.00000	0.00000	0
38	0.00000	0.00000	0
39	0.00000	0.00000	0
40	0.00000	0.00000	0
41	0.00000	0.00000	0
42	0.00714	0.00710	1
43	0.21204	0.20286	0
44	0.00000	0.00000	0
45	0.38064	0.38568	0
46	0.63002	0.62947	0
47	0.00000	0.00000	0
48	0.53220	0.52557	0
49	0.29258	0.26191	0
50	0.00000	0.00000	0
51	0.38605	0.38118	0
52	0.07764	0.07788	0
53	0.00000	0.00000	0
54	0.00000	0.00000	0
55	0.01905	0.00000	0
56	0.00000	0.00000	0
57	0.25708	0.24632	0
58	0.02125	0.00000	0
59	0.00000	0.00000	0
60	0.00000	0.00000	0
61	0.02974	0.00146	1
62	0.00000	0.00000	0
63	0.37231	0.36941	0
64	0.00049	0.00000	0
65	0.17764	0.03701	1
66	0.57122	0.56868	0
67	0.00000	0.00000	0
68	0.00000	0.00000	0
69	0.26104	0.23816	0
70	0.01817	0.00000	0
71	0.01484	0.00000	0
72	0.38033	0.38821	0
73	0.02019	0.00000	0
74	0.00000	0.00000	0
75	0.38665	0.37602	0
76	0.02799	0.00000	0
77	0.00000	0.00000	0
78	0.38104	0.37841	0
79	0.03036	0.00000	0
80	0.00000	0.00000	0
81	0.00000	0.00000	0
82	0.00000	0.00000	0
83	0.35971	0.38036	0
84	0.38366	0.38022	0
85	0.00000	0.00000	0
86	0.00380	0.00000	0
87	0.00000	0.00000	0
88	0.36464	0.31771	0
89	0.00000	0.00000	0
90	0.00000	0.00000	0
91	0.49457	0.49440	0
92	0.53145	0.53236	0
93	0.49229	0.49222	0
94	0.00000	0.00000	0
95	0.40548	0.40549	0
96	0.57577	0.57667	0
97	0.52187	0.52058	0
98	0.00000	0.00000	0
99	0.38758	0.38470	0
100	0.55108	0.55419	0
101	0.35362	0.34215	0
102	0.63588	0.63558	0
103	0.00539	0.00536	1
104	0.02030	0.00000	0
105	0.52967	0.53103	0
106	0.09988	0.09781	1
107	0.01283	0.00000	0
108	0.00000	0.00000	0
109	0.49288	0.49241	0
110	0.50553	0.50527	0
111	0.49422	0.49439	0
112	0.37906	0.38652	0
113	0.46570	0.46550	0
114	0.04105	0.01688	1
115	0.56671	0.56544	0
116	0.01809	0.00000	0
117	0.00000	0.00000	0
118	0.00000	0.00000	0
119	0.00000	0.00000	0
120	0.00000	0.00000	0
121	0.00000	0.00000	0
122	0.00000	0.00000	0
123	0.00000	0.00000	0
124	0.00000	0.00000	0
125	0.00000	0.00000	0
126	0.00000	0.00000	0
127	0.07012	0.07012	0
128	0.00000	0.00000	0
129	0.00000	0.00000	0
130	0.00000	0.00000	0
131	0.00678	0.00693	0
132	0.41467	0.41593	0
133	0.46693	0.48826	0
134	0.00000	0.00000	0
135	0.00000	0.00000	0
136	0.29043	0.17253	1
137	0.55851	0.55939	0
138	0.60086	0.59982	0
139	0.62287	0.62363	0
140	0.63672	0.63798	0
141	0.00000	0.00000	0
142	0.57631	0.57515	0
143	0.05562	0.05103	1
144	0.46233	0.46113	0
145	0.52626	0.52113	0
146	0.62410	0.62562	0
147	0.56240	0.56492	0
148	0.11920	0.03302	1
149	0.50204	0.49372	0
150	0.61772	0.61743	0
151	0.59473	0.59963	0
152	0.00000	0.00000	0
153	0.31611	0.20342	0
154	0.06401	0.00000	0
155	0.44561	0.45552	0
156	0.55055	0.54769	0
157	0.45417	0.44704	0
158	0.01318	0.01321	0
159	0.54249	0.53521	0
160	0.04739	0.04739	0
161	0.00000	0.00000	0
162	0.00000	0.00000	0
163	0.00000	0.00000	0
164	0.49472	0.49387	0
165	0.28066	0.26355	0
166	0.00000	0.00000	0
167	0.49349	0.49364	0
168	0.00000	0.00000	0
169	0.46141	0.46195	0
170	0.49463	0.49530	0
171	0.00000	0.00000	0
172	0.49348	0.49364	0
173	0.32529	0.04500	1
174	0.49105	0.49104	0
175	0.00031	0.00000	0
176	0.01037	0.00814	1
177	0.61922	0.62029	0
178	0.00048	0.00000	0
179	0.06414	0.06224	1
180	0.49076	0.49217	0
181	0.09020	0.08938	1
182	0.00000	0.00000	0
183	0.49272	0.49332	0
184	0.07605	0.07589	1
185	0.00000	0.00000	0
186	0.49229	0.49222	0
187	0.08973	0.08915	1
188	0.00000	0.00000	0
189	0.00000	0.00000	0
190	0.48131	0.48113	0
191	0.49394	0.49423	0
192	0.49404	0.49387	0
193	0.38223	0.37907	0
194	0.60899	0.60583	0
195	0.00000	0.00000	0
196	0.65270	0.65217	0
197	0.49391	0.49386	0
198	0.00000	0.00000	0
199	0.55774	0.55806	0
200	0.55849	0.56055	0
201	0.47425	0.47909	0
202	0.55637	0.56025	0
203	0.21887	0.13297	1
204	0.57109	0.56940	0
205	0.58068	0.58166	0
206	0.02276	0.00000	0
207	0.49349	0.49183	0
208	0.04064	0.03078	1
209	0.00000	0.00000	0
210	0.49181	0.49146	0
211	0.04276	0.04276	0
212	0.00000	0.00000	0
213	0.49296	0.49302	0
214	0.04616	0.04616	0
215	0.00000	0.00000	0
216	0.00000	0.00000	0
217	0.52460	0.53115	0
218	0.49478	0.49446	0
219	0.00000	0.00000	0
220	0.56342	0.55735	0
221	0.49397	0.49468	0
222	0.00000	0.00000	0
223	0.55404	0.55257	0
224	0.49366	0.49330	0
225	0.55214	0.55808	0
226	0.04471	0.00855	1
227	0.00309	0.00309	0
228	0.26813	0.21310	0
229	0.04898	0.00699	1
230	0.00464	0.00464	0
231	0.35389	0.30060	0
232	0.04354	0.00466	1
233	0.00309	0.00309	0
234	0.49303	0.49179	0
235	0.00000	0.00000	0
236	0.00000	0.00000	0
237	0.49307	0.49202	0
238	0.00000	0.00000	0
239	0.00000	0.00000	0
240	0.49198	0.49089	0
241	0.00000	0.00000	0
242	0.00000	0.00000	0
243	0.00000	0.00000	0
244	0.00000	0.00000	0
245	0.00000	0.00000	0
246	0.37902	0.37836	0
247	0.00000	0.00000	0
248	0.42228	0.40197	0
249	0.00000	0.00000	0
250	0.33163	0.33255	0
251	0.00000	0.00000	0
252	0.00000	0.00000	0
253	0.49457	0.49393	0
254	0.46396	0.46373	0
255	0.49245	0.49262	0
256	0.00000	0.00000	0
257	0.09367	0.09189	1
258	0.40470	0.34123	0
259	0.07986	0.07165	1
260	0.03081	0.03095	0
261	0.38448	0.38235	0
262	0.29420	0.29537	0
263	0.00000	0.00000	0
264	0.37949	0.38073	0
265	0.00000	0.00000	0
266	0.08863	0.05829	1
267	0.37570	0.37818	0
268	0.09261	0.00000	0
269	0.00000	0.00000	0
270	0.00000	0.00000	0
271	0.49281	0.49338	0
272	0.00000	0.00000	0
273	0.49416	0.49416	0
274	0.38233	0.38228	0
275	0.56035	0.55905	0
276	0.00000	0.00000	0
277	0.59533	0.59526	0
278	0.00000	0.00000	0
279	0.00000	0.00000	0
280	0.00000	0.00000	0
281	0.00000	0.00000	0
282	0.00000	0.00000	0
283	0.00000	0.00000	0
284	0.00000	0.00000	0
285	0.00774	0.00075	0
286	0.00000	0.00000	0
287	0.00869	0.00857	1
288	0.39450	0.38231	0
289	0.64190	0.64085	0
290	0.00000	0.00000	0
291	0.57408	0.57267	0
292	0.46388	0.45791	0
293	0.50226	0.49813	0
294	0.46785	0.37814	0
295	0.47776	0.48878	0
296	0.00000	0.00000	0
297	0.00000	0.00000	0
298	0.02763	0.00000	0
299	0.00000	0.00000	0
300	0.39119	0.41468	0
301	0.03165	0.00000	0
302	0.11204	0.03187	1
303	0.00000	0.00000	0
304	0.03884	0.00078	0
305	0.00000	0.00000	0
306	0.00000	0.00000	0
307	0.64058	0.63930	0
308	0.62914	0.63226	0
309	0.62845	0.62869	0
310	0.00000	0.00000	0
311	0.62953	0.62716	0
312	0.57872	0.58013	0
313	0.57389	0.57506	0
314	0.02105	0.00000	0
315	0.38224	0.38068	0
316	0.05695	0.00000	0
317	0.00000	0.00000	0
318	0.39268	0.38168	0
319	0.05383	0.00386	1
320	0.10864	0.04840	1
321	0.36694	0.36730	0
322	0.04284	0.00000	0
323	0.00000	0.00000	0
324	0.00000	0.00000	0
325	0.00000	0.00000	0
326	0.36459	0.37996	0
327	0.38370	0.38085	0
328	0.00000	0.00000	0
329	0.53817	0.54222	0
330	0.00000	0.00000	0
331	0.04926	0.00387	1
332	0.00153	0.00153	0
333	0.00000	0.00000	0
334	0.49417	0.49478	0
335	0.53396	0.53436	0
336	0.49293	0.49274	0
337	0.00000	0.00000	0
338	0.53724	0.53829	0
339	0.57496	0.57619	0
340	0.51396	0.51551	0
341	0.48675	0.49536	0
342	0.59171	0.58785	0
343	0.59518	0.59643	0
344	0.57464	0.57605	0
345	0.64339	0.64281	0
346	0.57826	0.57433	0
347	0.63059	0.62756	0
348	0.48047	0.48505	0
349	0.38310	0.39684	0
350	0.00000	0.00000	0
351	0.00000	0.00000	0
352	0.49274	0.48967	0
353	0.50565	0.50680	0
354	0.49441	0.49367	0
355	0.37735	0.38013	0
356	0.52951	0.53265	0
357	0.21075	0.02429	1
358	0.55393	0.55813	0
359	0.27402	0.13302	1
360	0.00000	0.00000	0
361	0.00000	0.00000	0
362	0.00000	0.00000	0
363	0.00000	0.00000	0
364	0.00000	0.00000	0
365	0.00000	0.00000	0
366	0.00000	0.00000	0
367	0.00000	0.00000	0
368	0.00000	0.00000	0
369	0.00000	0.00000	0
370	0.00000	0.00000	0
371	0.00000	0.00000	0
372	0.00000	0.00000	0
373	0.00000	0.00000	0
374	0.00000	0.00000	0
375	0.00000	0.00000	0
376	0.00000	0.00000	0
377	0.00000	0.00000	0
378	0.00000	0.00000	0
379	0.26743	0.10625	1
380	0.55594	0.55323	0
381	0.51883	0.51103	0
382	0.54010	0.53523	0
383	0.51784	0.52983	0
384	0.00000	0.00000	0
385	0.52679	0.52353	0
386	0.00992	0.00932	1
387	0.48432	0.48602	0
388	0.51147	0.50852	0
389	0.53025	0.52934	0
390	0.61169	0.61092	0
391	0.02252	0.00000	0
392	0.53342	0.54041	0
393	0.51268	0.51023	0
394	0.27249	0.13383	1
395	0.40904	0.40682	0
396	0.50179	0.49962	0
397	0.13915	0.03851	1
398	0.39312	0.38785	0
399	0.47664	0.47774	0
400	0.00000	0.00000	0
401	0.09759	0.09855	0
402	0.08563	0.08560	1
403	0.00000	0.00000	0
404	0.00000	0.00000	0
405	0.00000	0.00000	0
406	0.00000	0.00000	0
407	0.49467	0.49445	0
408	0.34262	0.32536	0
409	0.00000	0.00000	0
410	0.49587	0.49430	0
411	0.00000	0.00000	0
412	0.50697	0.50751	0
413	0.49444	0.49347	0
414	0.00000	0.00000	0
415	0.49429	0.49395	0
416	0.58779	0.59122	0
417	0.48421	0.48343	0
418	0.00000	0.00000	0
419	0.52372	0.51431	0
420	0.66138	0.66120	0
421	0.63751	0.63735	0
422	0.63546	0.63754	0
423	0.49208	0.49254	0
424	0.60495	0.60278	0
425	0.00000	0.00000	0
426	0.46408	0.34889	0
427	0.57948	0.58267	0
428	0.10104	0.02763	1
429	0.49294	0.49174	0
430	0.55034	0.55554	0
431	0.00000	0.00000	0
432	0.00000	0.00000	0
433	0.43058	0.40589	0
434	0.49600	0.49455	0
435	0.49416	0.49416	0
436	0.38125	0.38099	0
437	0.61513	0.61838	0
438	0.42658	0.38302	0
439	0.60311	0.60201	0
440	0.60859	0.60863	0
441	0.02818	0.02818	0
442	0.14878	0.14526	1
443	0.08201	0.08204	0
444	0.43357	0.42204	0
445	0.41884	0.40900	0
446	0.53125	0.53099	0
447	0.52117	0.52416	0
448	0.52146	0.52037	0
449	0.46389	0.46463	0
450	0.56461	0.56581	0
451	0.58757	0.58848	0
452	0.54028	0.54489	0
453	0.58645	0.58669	0
454	0.54959	0.54692	0
455	0.56035	0.55905	0
456	0.52524	0.52568	0
457	0.53081	0.53174	0
458	0.03778	0.01361	1
459	0.00000	0.00000	0
460	0.53046	0.52039	0
461	0.49386	0.49397	0
462	0.27557	0.30830	0
463	0.60554	0.60695	0
464	0.49362	0.49387	0
465	0.00000	0.00000	0
466	0.56071	0.56755	0
467	0.49419	0.49388	0
468	0.55395	0.55546	0
469	0.58829	0.58645	0
470	0.58775	0.58840	0
471	0.57461	0.57406	0
472	0.02166	0.00000	0
473	0.54240	0.54181	0
474	0.57558	0.57639	0
475	0.08990	0.08990	0
476	0.00840	0.00000	0
477	0.49168	0.49318	0
478	0.46357	0.46725	0
479	0.00000	0.00000	0
480	0.56172	0.55877	0
481	0.01554	0.00000	0
482	0.41785	0.41541	0
483	0.49300	0.49369	0
484	0.00000	0.00000	0
485	0.00000	0.00000	0
486	0.00000	0.00000	0
487	0.00000	0.00000	0
488	0.00000	0.00000	0
489	0.38826	0.37871	0
490	0.00000	0.00000	0
491	0.00000	0.00000	0
492	0.00000	0.00000	0
493	0.34587	0.36556	0
494	0.00000	0.00000	0
495	0.00000	0.00000	0
496	0.49349	0.49419	0
497	0.47454	0.47728	0
498	0.49195	0.49224	0
499	0.00000	0.00000	0
500	0.39919	0.38869	0
501	0.55586	0.54930	0
502	0.00000	0.00000	0
503	0.45597	0.46355	0
504	0.37888	0.37744	0
505	0.00392	0.00000	0
506	0.00000	0.00000	0
507	0.38733	0.38102	0
508	0.00756	0.00000	0
509	0.00000	0.00000	0
510	0.37981	0.38303	0
511	0.00394	0.00000	0
512	0.00000	0.00000	0
513	0.00000	0.00000	0
514	0.49200	0.49178	0
515	0.00000	0.00000	0
516	0.49432	0.49407	0
517	0.37911	0.38253	0
518	0.54521	0.54310	0
519	0.00000	0.00000	0
520	0.63843	0.63739	0
521	0.00000	0.00000	0
522	0.00000	0.00000	0
523	0.00000	0.00000	0
524	0.00000	0.00000	0
525	0.00000	0.00000	0
526	0.00000	0.00000	0
527	0.00000	0.00000	0
528	0.05874	0.05874	0
529	0.42201	0.42119	0
530	0.00000	0.00000	0
531	0.37775	0.37246	0
532	0.65653	0.65334	0
533	0.01739	0.01747	0
534	0.51806	0.45340	0
535	0.60791	0.60908	0
536	0.00000	0.00000	0
537	0.38153	0.38336	0
538	0.62309	0.62198	0
539	0.00000	0.00000	0
540	0.00000	0.00000	0
541	0.01607	0.00000	0
542	0.00000	0.00000	0
543	0.25838	0.24665	0
544	0.02529	0.00000	0
545	0.00000	0.00000	0
546	0.00000	0.00000	0
547	0.01324	0.00000	0
548	0.00000	0.00000	0
549	0.00000	0.00000	0
550	0.58361	0.58820	0
551	0.56116	0.55933	0
552	0.56758	0.57106	0
553	0.03023	0.00067	0
554	0.57726	0.57540	0
555	0.35905	0.32259	0
556	0.48413	0.48534	0
557	0.36033	0.36446	0
558	0.38369	0.38168	0
559	0.48420	0.46777	0
560	0.00000	0.00000	0
561	0.38429	0.38436	0
562	0.46932	0.47361	0
563	0.00000	0.00000	0
564	0.38133	0.38530	0
565	0.46925	0.48268	0
566	0.00000	0.00000	0
567	0.00000	0.00000	0
568	0.00000	0.00000	0
569	0.36266	0.38130	0
570	0.38516	0.38316	0
571	0.00000	0.00000	0
572	0.58671	0.58710	0
573	0.00000	0.00000	0
574	0.50875	0.50416	0
575	0.00000	0.00000	0
576	0.00000	0.00000	0
577	0.49370	0.49390	0
578	0.52635	0.52929	0
579	0.49209	0.49258	0
580	0.00000	0.00000	0
581	0.53468	0.53232	0
582	0.61414	0.61383	0
583	0.61833	0.61736	0
584	0.62481	0.62807	0
585	0.60974	0.61059	0
586	0.63479	0.63719	0
587	0.56125	0.55780	0
588	0.66119	0.66144	0
589	0.63317	0.63039	0
590	0.63089	0.63301	0
591	0.61129	0.61210	0
592	0.59129	0.59932	0
593	0.24634	0.06289	1
594	0.00000	0.00000	0
595	0.47194	0.46762	0
596	0.50592	0.50727	0
597	0.48032	0.47895	0
598	0.37237	0.35493	0
599	0.08416	0.08399	1
600	0.30233	0.14367	1
601	0.46949	0.48243	0
602	0.55648	0.55978	0
603	0.00000	0.00000	0
604	0.00000	0.00000	0
605	0.00000	0.00000	0
606	0.00000	0.00000	0
607	0.00000	0.00000	0
608	0.00000	0.00000	0
609	0.00000	0.00000	0
610	0.00000	0.00000	0
611	0.00000	0.00000	0
612	0.00000	0.00000	0
613	0.00000	0.00000	0
614	0.00000	0.00000	0
615	0.00000	0.00000	0
616	0.00000	0.00000	0
617	0.00000	0.00000	0
618	0.00000	0.00000	0
619	0.00000	0.00000	0
620	0.00000	0.00000	0
621	0.00000	0.00000	0
622	0.32993	0.15031	1
623	0.59256	0.59228	0
624	0.55303	0.54998	0
625	0.60465	0.59903	0
626	0.58908	0.58712	0
627	0.00000	0.00000	0
628	0.60237	0.60207	0
629	0.31900	0.08186	1
630	0.47798	0.48638	0
631	0.54055	0.54012	0
632	0.52977	0.52896	0
633	0.51994	0.52046	0
634	0.55155	0.55065	0
635	0.53341	0.53442	0
636	0.51510	0.51332	0
637	0.54560	0.54634	0
638	0.53068	0.53217	0
639	0.58249	0.58266	0
640	0.55889	0.55646	0
641	0.47236	0.47703	0
642	0.54594	0.54354	0
643	0.54535	0.54460	0
644	0.46188	0.46542	0
645	0.53308	0.53320	0
646	0.52469	0.50636	0
647	0.01545	0.00000	0
648	0.00000	0.00000	0
649	0.00000	0.00000	0
650	0.49368	0.49456	0
651	0.25205	0.23324	0
652	0.00000	0.00000	0
653	0.49431	0.49420	0
654	0.00000	0.00000	0
655	0.51165	0.50714	0
656	0.49367	0.49401	0
657	0.00134	0.00134	0
658	0.49462	0.49470	0
659	0.59317	0.59195	0
660	0.44629	0.43026	0
661	0.00000	0.00000	0
662	0.55437	0.54431	0
663	0.62283	0.62322	0
664	0.59871	0.60179	0
665	0.56112	0.55997	0
666	0.49272	0.49293	0
667	0.53713	0.53830	0
668	0.00000	0.00000	0
669	0.49037	0.48923	0
670	0.53734	0.53958	0
671	0.00000	0.00000	0
672	0.49293	0.49274	0
673	0.53724	0.53829	0
674	0.00000	0.00000	0
675	0.00000	0.00000	0
676	0.36738	0.32711	0
677	0.49468	0.49318	0
678	0.49408	0.49433	0
679	0.41309	0.38401	0
680	0.49795	0.49358	0
681	0.17469	0.19048	0
682	0.57112	0.57293	0
683	0.49453	0.49353	0
684	0.05739	0.05739	0
685	0.47232	0.46004	0
686	0.49760	0.49664	0
687	0.45912	0.45599	0
688	0.47258	0.49615	0
689	0.50387	0.50356	0
690	0.53297	0.52542	0
691	0.49737	0.49969	0
692	0.50190	0.50408	0
693	0.49288	0.49134	0
694	0.60971	0.61512	0
695	0.00000	0.00000	0
696	0.49147	0.49409	0
697	0.61269	0.61489	0
698	0.00000	0.00000	0
699	0.49253	0.49393	0
700	0.61274	0.61438	0
701	0.00000	0.00000	0
702	0.00000	0.00000	0
703	0.51995	0.53046	0
704	0.49461	0.49501	0
705	0.00704	0.00000	0
706	0.58015	0.58186	0
707	0.49510	0.49522	0
708	0.00000	0.00000	0
709	0.55189	0.55240	0
710	0.49351	0.49424	0
711	0.49704	0.49792	0
712	0.00000	0.00000	0
713	0.37184	0.38093	0
714	0.54352	0.53637	0
715	0.00000	0.00000	0
716	0.36754	0.37547	0
717	0.44173	0.44634	0
718	0.00000	0.00000	0
719	0.36351	0.38359	0
720	0.49224	0.49235	0
721	0.00956	0.00000	0
722	0.00000	0.00000	0
723	0.49293	0.49203	0
724	0.00399	0.00000	0
725	0.00000	0.00000	0
726	0.49160	0.49161	0
727	0.00448	0.00000	0
728	0.00000	0.00000	0
729	0.00000	0.00000	0
730	0.00000	0.00000	0
731	0.00531	0.00000	0
732	0.37839	0.38008	0
733	0.00000	0.00000	0
734	0.00000	0.00000	0
735	0.00000	0.00000	0
736	0.02314	0.00000	0
737	0.00000	0.00000	0
738	0.00000	0.00000	0
739	0.49380	0.49409	0
740	0.53177	0.52681	0
741	0.49274	0.48967	0
742	0.00000	0.00000	0
743	0.00000	0.00000	0
744	0.53640	0.53892	0
745	0.00133	0.00133	0
746	0.04957	0.04945	1
747	0.52290	0.51951	0
748	0.00000	0.00000	0
749	0.47671	0.47229	0
750	0.57954	0.58036	0
751	0.00000	0.00000	0
752	0.04404	0.00000	0
753	0.53314	0.53199	0
754	0.00000	0.00000	0
755	0.02946	0.00000	0
756	0.00000	0.00000	0
757	0.49293	0.49274	0
758	0.61156	0.61426	0
759	0.49454	0.49458	0
760	0.38479	0.38253	0
761	0.53439	0.53374	0
762	0.00000	0.00000	0
763	0.51939	0.51639	0
764	0.05560	0.05560	0
765	0.00000	0.00000	0
766	0.00000	0.00000	0
767	0.00000	0.00000	0
768	0.00000	0.00000	0
769	0.00000	0.00000	0
770	0.00000	0.00000	0
771	0.00000	0.00000	0
772	0.35928	0.38283	0
773	0.46859	0.48861	0
774	0.53707	0.53197	0
775	0.64064	0.64015	0
776	0.62269	0.62494	0
777	0.57789	0.57704	0
778	0.29174	0.25995	0
779	0.47526	0.48703	0
780	0.46488	0.46082	0
781	0.15038	0.15057	0
782	0.09646	0.09640	1
783	0.00000	0.00000	0
784	0.53506	0.53912	0
785	0.53342	0.54041	0
786	0.33767	0.34796	0
787	0.57366	0.57186	0
788	0.55174	0.54621	0
789	0.00000	0.00000	0
790	0.54961	0.54480	0
791	0.06669	0.06663	1
792	0.14479	0.12896	1
793	0.62391	0.62412	0
794	0.59059	0.59868	0
795	0.48505	0.47888	0
796	0.28610	0.29504	0
797	0.41529	0.39794	0
798	0.54193	0.54758	0
799	0.47745	0.47009	0
800	0.07689	0.07381	1
801	0.00907	0.00000	0
802	0.01636	0.00488	1
803	0.00531	0.00000	0
804	0.00262	0.00000	0
805	0.22610	0.08499	1
806	0.10762	0.00000	0
807	0.00000	0.00000	0
808	0.00000	0.00000	0
809	0.00000	0.00000	0
810	0.00000	0.00000	0
811	0.00000	0.00000	0
812	0.00000	0.00000	0
813	0.37849	0.37982	0
814	0.00000	0.00000	0
815	0.11660	0.11669	0
816	0.00000	0.00000	0
817	0.05183	0.00121	1
818	0.04156	0.00323	1
819	0.00000	0.00000	0
820	0.49482	0.49420	0
821	0.54404	0.54513	0
822	0.49281	0.49338	0
823	0.00000	0.00000	0
824	0.28514	0.12476	1
825	0.59932	0.60151	0
826	0.53110	0.52894	0
827	0.59719	0.59434	0
828	0.58927	0.58623	0
829	0.59537	0.59187	0
830	0.48181	0.47471	0
831	0.62008	0.61697	0
832	0.14424	0.01667	1
833	0.57394	0.57614	0
834	0.52695	0.53011	0
835	0.46862	0.48251	0
836	0.09469	0.00000	0
837	0.00000	0.00000	0
838	0.49245	0.49262	0
839	0.50393	0.48923	0
840	0.49330	0.49412	0
841	0.37888	0.37744	0
842	0.52384	0.52133	0
843	0.12844	0.12619	1
844	0.58922	0.58873	0
845	0.57844	0.57857	0
846	0.00000	0.00000	0
847	0.00000	0.00000	0
848	0.00000	0.00000	0
849	0.00000	0.00000	0
850	0.00000	0.00000	0
851	0.00000	0.00000	0
852	0.00000	0.00000	0
853	0.00000	0.00000	0
854	0.00000	0.00000	0
855	0.00000	0.00000	0
856	0.15859	0.14468	1
857	0.43629	0.41830	0
858	0.00000	0.00000	0
859	0.00000	0.00000	0
860	0.00000	0.00000	0
861	0.32238	0.33161	0
862	0.36468	0.38759	0
863	0.18392	0.18069	1
864	0.00000	0.00000	0
865	0.40678	0.40504	0
866	0.60140	0.59952	0
867	0.59926	0.59731	0
868	0.60307	0.60269	0
869	0.63770	0.63691	0
870	0.00891	0.00703	1
871	0.13095	0.03790	1
872	0.00104	0.00000	0
873	0.54740	0.54891	0
874	0.61466	0.61447	0
875	0.61810	0.61738	0
876	0.51523	0.51309	0
877	0.50990	0.51298	0
878	0.51626	0.51351	0
879	0.56265	0.56125	0
880	0.53110	0.52894	0
881	0.52160	0.52132	0
882	0.02199	0.01159	1
883	0.08254	0.08237	1
884	0.00560	0.00556	1
885	0.03880	0.03881	0
886	0.07986	0.07994	0
887	0.06834	0.06528	1
888	0.00000	0.00000	0
889	0.00266	0.00266	0
890	0.00000	0.00000	0
891	0.00000	0.00000	0
892	0.00000	0.00000	0
893	0.55303	0.55503	0
894	0.28346	0.26488	0
895	0.00000	0.00000	0
896	0.56506	0.56041	0
897	0.00000	0.00000	0
898	0.48337	0.49362	0
899	0.55195	0.55460	0
900	0.00000	0.00000	0
901	0.49463	0.49476	0
902	0.60117	0.60147	0
903	0.48909	0.47750	0
904	0.00054	0.00000	0
905	0.52824	0.52414	0
906	0.63063	0.63005	0
907	0.13437	0.04121	1
908	0.57168	0.57434	0
909	0.52886	0.53586	0
910	0.50257	0.49497	0
911	0.00794	0.00000	0
912	0.57113	0.55488	0
913	0.53546	0.50723	0
914	0.04363	0.00389	1
915	0.53890	0.54028	0
916	0.55211	0.55175	0
917	0.03533	0.00000	0
918	0.00000	0.00000	0
919	0.47566	0.47335	0
920	0.57376	0.57301	0
921	0.49508	0.49434	0
922	0.38503	0.38220	0
923	0.60296	0.60430	0
924	0.01979	0.00000	0
925	0.66119	0.66144	0
926	0.65252	0.65076	0
927	0.00000	0.00000	0
928	0.40475	0.38467	0
929	0.46273	0.47127	0
930	0.48311	0.48364	0
931	0.52899	0.52119	0
932	0.55570	0.55327	0
933	0.60668	0.60624	0
934	0.58903	0.59091	0
935	0.56597	0.56693	0
936	0.62543	0.62455	0
937	0.64451	0.64374	0
938	0.63745	0.63799	0
939	0.63764	0.64024	0
940	0.60937	0.61047	0
941	0.59490	0.59192	0
942	0.57205	0.57220	0
943	0.51617	0.51777	0
944	0.27137	0.16159	1
945	0.00000	0.00000	0
946	0.50322	0.50418	0
947	0.51134	0.50814	0
948	0.30191	0.28824	0
949	0.57149	0.57376	0
950	0.50236	0.50851	0
951	0.00000	0.00000	0
952	0.48888	0.48672	0
953	0.46550	0.46410	0
954	0.54098	0.54732	0
955	0.52346	0.52380	0
956	0.51195	0.50169	0
957	0.53191	0.52734	0
958	0.02967	0.00000	0
959	0.05562	0.00000	0
960	0.48043	0.47154	0
961	0.06225	0.00244	1
962	0.36769	0.31123	0
963	0.31872	0.25656	0
964	0.27583	0.26226	0
965	0.33619	0.37413	0
966	0.03668	0.00096	0
967	0.02881	0.00335	1
968	0.33185	0.33577	0
969	0.04526	0.00333	1
970	0.01887	0.00167	1
971	0.00795	0.00000	0
972	0.00000	0.00000	0
973	0.00000	0.00000	0
974	0.00354	0.00000	0
975	0.37972	0.38158	0
976	0.00000	0.00000	0
977	0.02042	0.00000	0
978	0.00000	0.00000	0
979	0.02864	0.00333	1
980	0.00000	0.00000	0
981	0.00000	0.00000	0
982	0.49420	0.49385	0
983	0.53966	0.54348	0
984	0.49288	0.49241	0
985	0.00000	0.00000	0
986	0.00000	0.00000	0
987	0.59525	0.59988	0
988	0.08593	0.08588	1
989	0.43719	0.45768	0
990	0.52234	0.52041	0
991	0.48774	0.50495	0
992	0.47643	0.48005	0
993	0.60879	0.60887	0
994	0.00000	0.00000	0
995	0.05558	0.00368	1
996	0.53474	0.53443	0
997	0.22132	0.10053	1
998	0.03508	0.00000	0
999	0.00000	0.00000	0
1000	0.49229	0.49222	0
1001	0.61105	0.61295	0
1002	0.49430	0.49380	0
1003	0.37953	0.38093	0
1004	0.54739	0.55015	0
1005	0.00000	0.00000	0
1006	0.61139	0.61168	0
1007	0.02741	0.02741	0
1008	0.00000	0.00000	0
1009	0.00000	0.00000	0
1010	0.00000	0.00000	0
1011	0.00000	0.00000	0
1012	0.00000	0.00000	0
1013	0.00000	0.00000	0
1014	0.00000	0.00000	0
1015	0.00000	0.00000	0
1016	0.00000	0.00000	0
1017	0.60684	0.60567	0
1018	0.60487	0.60679	0
1019	0.61079	0.60778	0
1020	0.52578	0.52223	0
1021	0.40526	0.39143	0
1022	0.46169	0.45749	0
1023	0.29211	0.26336	0
1024	0.28934	0.26034	0
1025	0.29444	0.26595	0
1026	0.00000	0.00000	0
1027	0.53761	0.54252	0
1028	0.53211	0.53719	0
1029	0.40145	0.39575	0
1030	0.56611	0.57372	0
1031	0.58063	0.57675	0
1032	0.00000	0.00000	0
1033	0.52141	0.51097	0
1034	0.06706	0.06708	0
1035	0.00167	0.00167	0
1036	0.61958	0.61874	0
1037	0.63071	0.63241	0
1038	0.52293	0.53051	0
1039	0.43280	0.34871	0
1040	0.57802	0.57783	0
1041	0.07881	0.01931	1
1042	0.10642	0.00878	1
1043	0.00394	0.00394	0
1044	0.01217	0.00000	0
1045	0.01682	0.01587	1
1046	0.00959	0.00000	0
1047	0.00000	0.00000	0
1048	0.00000	0.00000	0
1049	0.00000	0.00000	0
1050	0.00000	0.00000	0
1051	0.00000	0.00000	0
1052	0.00000	0.00000	0
1053	0.00000	0.00000	0
1054	0.00000	0.00000	0
1055	0.00000	0.00000	0
1056	0.38202	0.38517	0
1057	0.00000	0.00000	0
1058	0.01320	0.00000	0
1059	0.00000	0.00000	0
1060	0.03105	0.00000	0
1061	0.04420	0.00233	1
1062	0.00000	0.00000	0
1063	0.49500	0.49352	0
1064	0.55274	0.55198	0
1065	0.49083	0.49221	0
1066	0.00000	0.00000	0
1067	0.02197	0.00000	0
1068	0.51237	0.51069	0
1069	0.50918	0.51313	0
1070	0.11827	0.00752	1
1071	0.59596	0.59584	0
1072	0.52739	0.52234	0
1073	0.03567	0.00365	1
1074	0.63300	0.63154	0
1075	0.41931	0.26439	0
1076	0.00000	0.00000	0
1077	0.49941	0.49600	0
1078	0.28558	0.27863	0
1079	0.00000	0.00000	0
1080	0.00000	0.00000	0
1081	0.49101	0.49200	0
1082	0.49390	0.51054	0
1083	0.49445	0.49435	0
1084	0.37475	0.38357	0
1085	0.42326	0.41470	0
1086	0.22083	0.14045	1
1087	0.51806	0.52217	0
1088	0.56202	0.56299	0
1089	0.00000	0.00000	0
1090	0.00000	0.00000	0
1091	0.00000	0.00000	0
1092	0.00000	0.00000	0
1093	0.00000	0.00000	0
1094	0.00000	0.00000	0
1095	0.00000	0.00000	0
1096	0.00000	0.00000	0
1097	0.00000	0.00000	0
1098	0.00000	0.00000	0
1099	0.00000	0.00000	0
1100	0.00000	0.00000	0
1101	0.00000	0.00000	0
1102	0.00000	0.00000	0
1103	0.00000	0.00000	0
1104	0.00000	0.00000	0
1105	0.00000	0.00000	0
1106	0.00000	0.00000	0
1107	0.00000	0.00000	0
1108	0.38750	0.40195	0
1109	0.00000	0.00000	0
1110	0.00000	0.00000	0
1111	0.00116	0.00116	0
1112	0.00000	0.00000	0
1113	0.00066	0.00000	0
1114	0.00051	0.00000	0
1115	0.00062	0.00000	0
1116	0.00000	0.00000	0
1117	0.00000	0.00000	0
1118	0.00000	0.00000	0
1119	0.00000	0.00000	0
1120	0.00000	0.00000	0
1121	0.00000	0.00000	0
1122	0.00000	0.00000	0
1123	0.00000	0.00000	0
1124	0.00000	0.00000	0
1125	0.00000	0.00000	0
1126	0.00000	0.00000	0
1127	0.00000	0.00000	0
1128	0.00000	0.00000	0
1129	0.00000	0.00000	0
1130	0.00000	0.00000	0
1131	0.00000	0.00000	0
1132	0.00000	0.00000	0
1133	0.00000	0.00000	0
1134	0.00000	0.00000	0
1135	0.00000	0.00000	0
1136	0.57735	0.57874	0
1137	0.34104	0.32438	0
1138	0.00000	0.00000	0
1139	0.60474	0.60267	0
1140	0.00100	0.00100	0
1141	0.57393	0.57137	0
1142	0.55745	0.55720	0
1143	0.00000	0.00000	0
1144	0.49375	0.49383	0
1145	0.60353	0.60551	0
1146	0.48047	0.48028	0
1147	0.00000	0.00000	0
1148	0.53520	0.53709	0
1149	0.65555	0.65582	0
1150	0.60478	0.60588	0
1151	0.61674	0.62447	0
1152	0.53852	0.53826	0
1153	0.42641	0.21545	0
1154	0.03437	0.00000	0
1155	0.53560	0.53640	0
1156	0.56611	0.57372	0
1157	0.03860	0.00000	0
1158	0.54162	0.54144	0
1159	0.57384	0.56756	0
1160	0.02846	0.00000	0
1161	0.00000	0.00000	0
1162	0.41185	0.39793	0
1163	0.40608	0.38321	0
1164	0.49565	0.49385	0
1165	0.40526	0.39143	0
1166	0.38226	0.38101	0
1167	0.38391	0.38440	0
1168	0.38120	0.38096	0
1169	0.38185	0.38025	0
1170	0.24078	0.21263	0
1171	0.36706	0.34350	0
1172	0.35998	0.35110	0
1173	0.37994	0.38711	0
1174	0.38068	0.37993	0
1175	0.38103	0.38365	0
1176	0.37966	0.37952	0
1177	0.38366	0.38022	0
1178	0.37916	0.38173	0
1179	0.38242	0.37845	0
1180	0.38257	0.37459	0
1181	0.38655	0.38640	0
1182	0.38356	0.38373	0
1183	0.37953	0.38093	0
1184	0.37892	0.38131	0
1185	0.38032	0.38018	0
1186	0.37821	0.37512	0
1187	0.38501	0.38240	0
1188	0.00000	0.00000	0
1189	0.00000	0.00000	0
1190	0.00000	0.00000	0
1191	0.00000	0.00000	0
1192	0.00000	0.00000	0
1193	0.00000	0.00000	0
1194	0.00000	0.00000	0
1195	0.00000	0.00000	0
1196	0.00000	0.00000	0
1197	0.00000	0.00000	0
1198	0.00000	0.00000	0
1199	0.00000	0.00000	0
1200	0.00000	0.00000	0
1201	0.00000	0.00000	0
1202	0.00000	0.00000	0
1203	0.00000	0.00000	0
1204	0.00000	0.00000	0
1205	0.00000	0.00000	0
1206	0.00000	0.00000	0
1207	0.00000	0.00000	0
1208	0.00000	0.00000	0
1209	0.00000	0.00000	0
1210	0.00000	0.00000	0
1211	0.00000	0.00000	0
1212	0.00000	0.00000	0
1213	0.00000	0.00000	0
1214	0.00000	0.00000	0
1215	0.00000	0.00000	0
1216	0.00000	0.00000	0
1217	0.01642	0.00000	0
1218	0.38273	0.38307	0
1219	0.00000	0.00000	0
1220	0.46104	0.46065	0
1221	0.00000	0.00000	0
1222	0.27583	0.26226	0
1223	0.00000	0.00000	0
1224	0.00000	0.00000	0
1225	0.49415	0.49425	0
1226	0.55885	0.55915	0
1227	0.49228	0.49284	0
1228	0.00000	0.00000	0
1229	0.13464	0.04176	1
1230	0.62780	0.62918	0
1231	0.06950	0.06944	1
1232	0.06350	0.00000	0
1233	0.51786	0.52169	0
1234	0.01509	0.01342	1
1235	0.47206	0.47328	0
1236	0.60090	0.59800	0
1237	0.01137	0.00732	1
1238	0.06697	0.03163	1
1239	0.53365	0.53232	0
1240	0.01817	0.00488	1
1241	0.04445	0.00000	0
1242	0.00000	0.00000	0
1243	0.49119	0.49415	0
1244	0.61254	0.61380	0
1245	0.49463	0.49516	0
1246	0.37870	0.37690	0
1247	0.58767	0.58988	0
1248	0.00000	0.00000	0
1249	0.64451	0.64374	0
1250	0.05122	0.04911	1
1251	0.00000	0.00000	0
1252	0.00000	0.00000	0
1253	0.00000	0.00000	0
1254	0.00000	0.00000	0
1255	0.00000	0.00000	0
1256	0.00000	0.00000	0
1257	0.00000	0.00000	0
1258	0.16609	0.14639	1
1259	0.07012	0.07012	0
1260	0.59316	0.59410	0
1261	0.66138	0.66120	0
1262	0.65459	0.65432	0
1263	0.64944	0.64982	0
1264	0.60502	0.60402	0
1265	0.64213	0.64251	0
1266	0.63511	0.63523	0
1267	0.63889	0.64080	0
1268	0.63018	0.63039	0
1269	0.00000	0.00000	0
1270	0.53601	0.53660	0
1271	0.53982	0.54028	0
1272	0.32638	0.31503	0
1273	0.43854	0.26323	0
1274	0.60384	0.60574	0
1275	0.00000	0.00000	0
1276	0.50257	0.49497	0
1277	0.10119	0.10026	1
1278	0.01029	0.01029	0
1279	0.65112	0.65086	0
1280	0.63642	0.63505	0
1281	0.60252	0.60407	0
1282	0.52658	0.52290	0
1283	0.59899	0.59745	0
1284	0.56020	0.56648	0
1285	0.59060	0.59455	0
1286	0.54876	0.55434	0
1287	0.00818	0.00000	0
1288	0.00988	0.00854	1
1289	0.01123	0.00000	0
1290	0.45353	0.45966	0
1291	0.49324	0.48757	0
1292	0.31441	0.27287	0
1293	0.00000	0.00000	0
1294	0.00000	0.00000	0
1295	0.00000	0.00000	0
1296	0.00000	0.00000	0
1297	0.00000	0.00000	0
1298	0.00000	0.00000	0
1299	0.38567	0.38238	0
1300	0.00000	0.00000	0
1301	0.58819	0.59094	0
1302	0.00000	0.00000	0
1303	0.52348	0.51926	0
1304	0.04170	0.00233	1
1305	0.00000	0.00000	0
1306	0.49482	0.49420	0
1307	0.53731	0.53632	0
1308	0.49070	0.49034	0
1309	0.00000	0.00000	0
1310	0.50904	0.50420	0
1311	0.61255	0.61239	0
1312	0.61466	0.61447	0
1313	0.52870	0.53033	0
1314	0.59440	0.59301	0
1315	0.64943	0.64912	0
1316	0.58826	0.58988	0
1317	0.65190	0.65324	0
1318	0.61863	0.61741	0
1319	0.63914	0.63947	0
1320	0.60121	0.59905	0
1321	0.62383	0.62505	0
1322	0.00287	0.00000	0
1323	0.00000	0.00000	0
1324	0.45857	0.44875	0
1325	0.47186	0.47455	0
1326	0.47348	0.47170	0
1327	0.36151	0.33821	0
1328	0.12699	0.12508	1
1329	0.28963	0.14981	1
1330	0.39368	0.39469	0
1331	0.55483	0.55850	0
1332	0.00000	0.00000	0
1333	0.00000	0.00000	0
1334	0.00000	0.00000	0
1335	0.00000	0.00000	0
1336	0.00000	0.00000	0
1337	0.00000	0.00000	0
1338	0.00000	0.00000	0
1339	0.00000	0.00000	0
1340	0.00000	0.00000	0
1341	0.00000	0.00000	0
1342	0.00000	0.00000	0
1343	0.00000	0.00000	0
1344	0.00000	0.00000	0
1345	0.00000	0.00000	0
1346	0.00000	0.00000	0
1347	0.00000	0.00000	0
1348	0.00000	0.00000	0
1349	0.00000	0.00000	0
1350	0.00365	0.00365	0
1351	0.49565	0.49465	0
1352	0.49498	0.49429	0
1353	0.49427	0.49477	0
1354	0.49403	0.49413	0
1355	0.49454	0.49417	0
1356	0.49442	0.49325	0
1357	0.49413	0.49360	0
1358	0.49480	0.49366	0
1359	0.49398	0.49396	0
1360	0.49482	0.49420	0
1361	0.49400	0.49464	0
1362	0.49353	0.49515	0
1363	0.49462	0.49331	0
1364	0.49390	0.49383	0
1365	0.49453	0.49377	0
1366	0.49482	0.49420	0
1367	0.49407	0.49467	0
1368	0.49348	0.49439	0
1369	0.49452	0.49416	0
1370	0.49373	0.49364	0
1371	0.49460	0.49341	0
1372	0.49431	0.49346	0
1373	0.49410	0.49455	0
1374	0.49380	0.49425	0
1375	0.49459	0.49355	0
1376	0.49462	0.49360	0
1377	0.00000	0.00000	0
1378	0.00000	0.00000	0
1379	0.52782	0.52857	0
1380	0.25012	0.21344	0
1381	0.00000	0.00000	0
1382	0.52574	0.53102	0
1383	0.00000	0.00000	0
1384	0.50488	0.50829	0
1385	0.52774	0.53053	0
1386	0.00067	0.00067	0
1387	0.49450	0.49344	0
1388	0.33454	0.15396	1
1389	0.44711	0.46712	0
1390	0.39488	0.40243	0
1391	0.27275	0.14103	1
1392	0.49512	0.48970	0
1393	0.40728	0.40503	0
1394	0.26243	0.08625	1
1395	0.61269	0.61489	0
1396	0.53755	0.54161	0
1397	0.01287	0.00000	0
1398	0.61256	0.61158	0
1399	0.53542	0.53964	0
1400	0.01842	0.00000	0
1401	0.61274	0.61438	0
1402	0.53506	0.53912	0
1403	0.01609	0.00000	0
1404	0.06641	0.06719	0
1405	0.15038	0.15057	0
1406	0.37344	0.36233	0
1407	0.42764	0.42410	0
1408	0.44139	0.41648	0
1409	0.44347	0.41582	0
1410	0.48487	0.48508	0
1411	0.47456	0.47781	0
1412	0.48638	0.48806	0
1413	0.31483	0.30580	0
1414	0.45383	0.44366	0
1415	0.46201	0.45000	0
1416	0.49200	0.49331	0
1417	0.49200	0.49380	0
1418	0.49240	0.49275	0
1419	0.49165	0.49239	0
1420	0.49195	0.49163	0
1421	0.49114	0.49214	0
1422	0.48577	0.48640	0
1423	0.49128	0.49229	0
1424	0.49358	0.49256	0
1425	0.49277	0.49162	0
1426	0.49272	0.49293	0
1427	0.49211	0.49135	0
1428	0.49211	0.49165	0
1429	0.49293	0.49274	0
1430	0.49113	0.49231	0
1431	0.00000	0.00000	0
1432	0.00000	0.00000	0
1433	0.00000	0.00000	0
1434	0.00000	0.00000	0
1435	0.00000	0.00000	0
1436	0.00000	0.00000	0
1437	0.00000	0.00000	0
1438	0.00000	0.00000	0
1439	0.00000	0.00000	0
1440	0.00000	0.00000	0
1441	0.00000	0.00000	0
1442	0.00000	0.00000	0
1443	0.00000	0.00000	0
1444	0.00000	0.00000	0
1445	0.00000	0.00000	0
1446	0.00000	0.00000	0
1447	0.00000	0.00000	0
1448	0.00000	0.00000	0
1449	0.00000	0.00000	0
1450	0.00000	0.00000	0
1451	0.00000	0.00000	0
1452	0.00000	0.00000	0
1453	0.00000	0.00000	0
1454	0.00000	0.00000	0
1455	0.00000	0.00000	0
1456	0.00000	0.00000	0
1457	0.00000	0.00000	0
1458	0.00000	0.00000	0
1459	0.00000	0.00000	0
1460	0.49160	0.49161	0
1461	0.38629	0.38062	0
1462	0.00000	0.00000	0
1463	0.49033	0.49272	0
1464	0.00000	0.00000	0
1465	0.03662	0.00500	1
1466	0.49224	0.49235	0
1467	0.00000	0.00000	0
1468	0.49405	0.49496	0
1469	0.53367	0.53737	0
1470	0.49070	0.49090	0
1471	0.00000	0.00000	0
1472	0.10112	0.10099	1
1473	0.60511	0.60636	0
1474	0.00000	0.00000	0
1475	0.54044	0.53761	0
1476	0.49467	0.49399	0
1477	0.00000	0.00000	0
1478	0.38217	0.37641	0
1479	0.49389	0.49472	0
1480	0.00000	0.00000	0
1481	0.37291	0.36681	0
1482	0.49426	0.49448	0
1483	0.00000	0.00000	0
1484	0.38422	0.38232	0
1485	0.00000	0.00000	0
1486	0.49063	0.49284	0
1487	0.49253	0.49393	0
1488	0.49400	0.49444	0
1489	0.38702	0.38520	0
1490	0.52424	0.52625	0
1491	0.00000	0.00000	0
1492	0.57260	0.57054	0
1493	0.49259	0.49310	0
1494	0.00000	0.00000	0
1495	0.00000	0.00000	0
1496	0.00000	0.00000	0
1497	0.00000	0.00000	0
1498	0.00000	0.00000	0
1499	0.00000	0.00000	0
1500	0.00000	0.00000	0
1501	0.32554	0.34619	0
1502	0.41414	0.41211	0
1503	0.49314	0.49416	0
1504	0.63344	0.63482	0
1505	0.38412	0.37934	0
1506	0.59602	0.59361	0
1507	0.29398	0.25716	0
1508	0.47278	0.37875	0
1509	0.49468	0.49393	0
1510	0.45985	0.46038	0
1511	0.38408	0.38158	0
1512	0.00000	0.00000	0
1513	0.61156	0.61426	0
1514	0.49293	0.49274	0
1515	0.25813	0.24670	0
1516	0.54142	0.53963	0
1517	0.49286	0.49272	0
1518	0.00000	0.00000	0
1519	0.54423	0.54966	0
1520	0.49272	0.49293	0
1521	0.33094	0.31827	0
1522	0.60065	0.60038	0
1523	0.61343	0.61150	0
1524	0.59408	0.59565	0
1525	0.49686	0.49749	0
1526	0.48982	0.50049	0
1527	0.60170	0.60388	0
1528	0.52796	0.53266	0
1529	0.53222	0.52756	0
1530	0.49417	0.49402	0
1531	0.53194	0.53409	0
1532	0.38370	0.38085	0
1533	0.49437	0.49378	0
1534	0.53494	0.53131	0
1535	0.38306	0.38449	0
1536	0.49410	0.49436	0
1537	0.53146	0.53362	0
1538	0.38653	0.38217	0
1539	0.00000	0.00000	0
1540	0.00000	0.00000	0
1541	0.43450	0.44145	0
1542	0.38230	0.37868	0
1543	0.00000	0.00000	0
1544	0.57735	0.57600	0
1545	0.00000	0.00000	0
1546	0.46898	0.48069	0
1547	0.34586	0.27792	0
1548	0.00000	0.00000	0
1549	0.49505	0.49325	0
1550	0.51510	0.51332	0
1551	0.49122	0.49325	0
1552	0.00000	0.00000	0
1553	0.50559	0.51063	0
1554	0.62056	0.62286	0
1555	0.56347	0.56134	0
1556	0.61698	0.61878	0
1557	0.53355	0.52954	0
1558	0.55588	0.56661	0
1559	0.37137	0.28001	0
1560	0.63829	0.63776	0
1561	0.09330	0.01517	1
1562	0.57889	0.58219	0
1563	0.60353	0.60242	0
1564	0.54738	0.55271	0
1565	0.25042	0.20362	0
1566	0.00000	0.00000	0
1567	0.49152	0.49093	0
1568	0.53141	0.52882	0
1569	0.49403	0.49387	0
1570	0.38037	0.38364	0
1571	0.52400	0.52066	0
1572	0.03852	0.00400	1
1573	0.60541	0.60579	0
1574	0.57015	0.57149	0
1575	0.00000	0.00000	0
1576	0.00000	0.00000	0
1577	0.00000	0.00000	0
1578	0.00000	0.00000	0
1579	0.00000	0.00000	0
1580	0.00000	0.00000	0
1581	0.00000	0.00000	0
1582	0.00000	0.00000	0
1583	0.00000	0.00000	0
1584	0.04601	0.04616	0
1585	0.00000	0.00000	0
1586	0.05774	0.05774	0
1587	0.00000	0.00000	0
1588	0.00000	0.00000	0
1589	0.00186	0.00000	0
1590	0.00000	0.00000	0
1591	0.00000	0.00000	0
1592	0.01139	0.00690	1
1593	0.00000	0.00000	0
1594	0.49185	0.48443	0
1595	0.62285	0.62274	0
1596	0.59274	0.58889	0
1597	0.65385	0.65471	0
1598	0.66138	0.66120	0
1599	0.36939	0.29980	0
1600	0.63118	0.63286	0
1601	0.61881	0.61902	0
1602	0.54279	0.53755	0
1603	0.61293	0.61138	0
1604	0.61414	0.61383	0
1605	0.57330	0.57193	0
1606	0.51222	0.51010	0
1607	0.57659	0.57345	0
1608	0.62046	0.62106	0
1609	0.60008	0.60051	0
1610	0.57869	0.57543	0
1611	0.61385	0.61611	0
1612	0.62740	0.62713	0
1613	0.54777	0.55339	0
1614	0.62031	0.62189	0
1615	0.59924	0.59590	0
1616	0.41394	0.36001	0
1617	0.60615	0.60449	0
1618	0.53944	0.54059	0
1619	0.30672	0.26646	0
1620	0.00000	0.00000	0
1621	0.00000	0.00000	0
1622	0.00000	0.00000	0
1623	0.14160	0.12694	1
1624	0.00000	0.00000	0
1625	0.00000	0.00000	0
1626	0.00000	0.00000	0
1627	0.00000	0.00000	0
1628	0.00000	0.00000	0
1629	0.00000	0.00000	0
1630	0.49366	0.49419	0
1631	0.00000	0.00000	0
1632	0.14413	0.03883	1
1633	0.00175	0.00173	1
1634	0.00000	0.00000	0
1635	0.37067	0.27703	0
1636	0.01123	0.01118	1
1637	0.00000	0.00000	0
1638	0.00000	0.00000	0
1639	0.00000	0.00000	0
1640	0.00000	0.00000	0
1641	0.00000	0.00000	0
1642	0.00000	0.00000	0
1643	0.00000	0.00000	0
1644	0.00000	0.00000	0
1645	0.00000	0.00000	0
1646	0.00000	0.00000	0
1647	0.00000	0.00000	0
1648	0.48155	0.48075	0
1649	0.16847	0.17657	0
1650	0.49373	0.49478	0
1651	0.37590	0.38463	0
1652	0.42863	0.38376	0
1653	0.01739	0.01747	0
1654	0.01877	0.00000	0
1655	0.00000	0.00000	0
1656	0.00056	0.00000	0
1657	0.32087	0.16988	1
1658	0.29795	0.12308	1
1659	0.35655	0.10270	1
1660	0.24907	0.09639	1
1661	0.21665	0.00353	1
1662	0.03202	0.00400	1
1663	0.10416	0.10247	1
1664	0.03401	0.00531	1
1665	0.00200	0.00000	0
1666	0.00000	0.00000	0
1667	0.00000	0.00000	0
1668	0.00000	0.00000	0
1669	0.00000	0.00000	0
1670	0.00000	0.00000	0
1671	0.00000	0.00000	0
1672	0.00000	0.00000	0
1673	0.00000	0.00000	0
1674	0.00000	0.00000	0
1675	0.00000	0.00000	0
1676	0.00000	0.00000	0
1677	0.00000	0.00000	0
1678	0.00200	0.00200	0
1679	0.00000	0.00000	0
1680	0.00000	0.00000	0
1681	0.00000	0.00000	0
1682	0.00000	0.00000	0
1683	0.00000	0.00000	0
1684	0.00000	0.00000	0
1685	0.00000	0.00000	0
1686	0.00000	0.00000	0
1687	0.00000	0.00000	0
1688	0.00000	0.00000	0
1689	0.00000	0.00000	0
1690	0.00000	0.00000	0
1691	0.00000	0.00000	0
1692	0.00000	0.00000	0
1693	0.00000	0.00000	0
1694	0.00000	0.00000	0
1695	0.00000	0.00000	0
1696	0.00000	0.00000	0
1697	0.00000	0.00000	0
1698	0.00000	0.00000	0
1699	0.00000	0.00000	0
1700	0.00000	0.00000	0
1701	0.00000	0.00000	0
1702	0.00000	0.00000	0
1703	0.49220	0.49223	0
1704	0.38215	0.38139	0
1705	0.00000	0.00000	0
1706	0.56172	0.55877	0
1707	0.00000	0.00000	0
1708	0.03413	0.00000	0
1709	0.49245	0.49379	0
1710	0.00000	0.00000	0
1711	0.49417	0.49413	0
1712	0.54236	0.54407	0
1713	0.49265	0.49081	0
1714	0.00000	0.00000	0
1715	0.47910	0.48038	0
1716	0.62311	0.61815	0
1717	0.03350	0.03348	1
1718	0.55040	0.54895	0
1719	0.49429	0.49460	0
1720	0.46308	0.45604	0
1721	0.37818	0.37961	0
1722	0.49475	0.49394	0
1723	0.00000	0.00000	0
1724	0.39746	0.38273	0
1725	0.49465	0.49465	0
1726	0.00514	0.00200	1
1727	0.38256	0.38212	0
1728	0.00000	0.00000	0
1729	0.49216	0.49311	0
1730	0.49229	0.49339	0
1731	0.49416	0.49416	0
1732	0.37536	0.38346	0
1733	0.58645	0.58669	0
1734	0.00000	0.00000	0
1735	0.63938	0.63921	0
1736	0.49137	0.49224	0
1737	0.00000	0.00000	0
1738	0.00000	0.00000	0
1739	0.00000	0.00000	0
1740	0.00000	0.00000	0
1741	0.00000	0.00000	0
1742	0.00000	0.00000	0
1743	0.00000	0.00000	0
1744	0.00000	0.00000	0
1745	0.00000	0.00000	0
1746	0.52031	0.49496	0
1747	0.65061	0.64982	0
1748	0.51507	0.46363	0
1749	0.61842	0.61873	0
1750	0.52262	0.52835	0
1751	0.57408	0.57267	0
1752	0.59079	0.59515	0
1753	0.57769	0.57882	0
1754	0.52990	0.53053	0
1755	0.00000	0.00000	0
1756	0.61051	0.61241	0
1757	0.48196	0.48351	0
1758	0.37419	0.40379	0
1759	0.53556	0.54052	0
1760	0.46408	0.34889	0
1761	0.00000	0.00000	0
1762	0.55621	0.56000	0
1763	0.48700	0.48302	0
1764	0.00971	0.00000	0
1765	0.65352	0.65337	0
1766	0.66119	0.66144	0
1767	0.64919	0.65059	0
1768	0.63153	0.63096	0
1769	0.64084	0.64451	0
1770	0.63751	0.63843	0
1771	0.61587	0.61961	0
1772	0.63623	0.63473	0
1773	0.49432	0.49430	0
1774	0.59936	0.59905	0
1775	0.37842	0.38451	0
1776	0.49369	0.49381	0
1777	0.60818	0.60849	0
1778	0.38374	0.38427	0
1779	0.49441	0.49437	0
1780	0.58147	0.57831	0
1781	0.37700	0.37936	0
1782	0.00000	0.00000	0
1783	0.00000	0.00000	0
1784	0.53997	0.54245	0
1785	0.38573	0.38146	0
1786	0.00000	0.00000	0
1787	0.57555	0.57527	0
1788	0.00000	0.00000	0
1789	0.52815	0.53125	0
1790	0.23106	0.18413	1
1791	0.00000	0.00000	0
1792	0.49423	0.49427	0
1793	0.52241	0.51987	0
1794	0.49063	0.49284	0
1795	0.00000	0.00000	0
1796	0.61169	0.61092	0
1797	0.57342	0.57698	0
1798	0.51391	0.51554	0
1799	0.56426	0.56467	0
1800	0.62408	0.62394	0
1801	0.60071	0.60147	0
1802	0.56395	0.56179	0
1803	0.64511	0.64947	0
1804	0.52088	0.51442	0
1805	0.62799	0.62896	0
1806	0.59850	0.59471	0
1807	0.48105	0.47836	0
1808	0.56589	0.56690	0
1809	0.00000	0.00000	0
1810	0.49346	0.49285	0
1811	0.45851	0.45739	0
1812	0.49405	0.49450	0
1813	0.38435	0.38142	0
1814	0.44057	0.41825	0
1815	0.36663	0.07895	1
1816	0.48325	0.48221	0
1817	0.48032	0.48154	0
1818	0.00000	0.00000	0
1819	0.00000	0.00000	0
1820	0.00000	0.00000	0
1821	0.00000	0.00000	0
1822	0.00000	0.00000	0
1823	0.00000	0.00000	0
1824	0.00000	0.00000	0
1825	0.00000	0.00000	0
1826	0.00000	0.00000	0
1827	0.00000	0.00000	0
1828	0.00000	0.00000	0
1829	0.00000	0.00000	0
1830	0.00000	0.00000	0
1831	0.00000	0.00000	0
1832	0.00000	0.00000	0
1833	0.00000	0.00000	0
1834	0.00000	0.00000	0
1835	0.00000	0.00000	0
1836	0.07483	0.07474	1
1837	0.45498	0.45954	0
1838	0.44654	0.44299	0
1839	0.47717	0.47064	0
1840	0.48281	0.48282	0
1841	0.48255	0.48261	0
1842	0.15993	0.06352	1
1843	0.48927	0.48962	0
1844	0.49160	0.49183	0
1845	0.49019	0.49171	0
1846	0.49178	0.49231	0
1847	0.49219	0.49227	0
1848	0.49211	0.49165	0
1849	0.49113	0.49231	0
1850	0.49293	0.49274	0
1851	0.49221	0.49218	0
1852	0.49211	0.49135	0
1853	0.49272	0.49293	0
1854	0.49251	0.49322	0
1855	0.49202	0.49142	0
1856	0.49292	0.49387	0
1857	0.49234	0.49266	0
1858	0.49114	0.49214	0
1859	0.49195	0.49163	0
1860	0.49222	0.49043	0
1861	0.49240	0.49275	0
1862	0.49200	0.49380	0
1863	0.00000	0.00000	0
1864	0.00000	0.00000	0
1865	0.00590	0.00000	0
1866	0.28192	0.24917	0
1867	0.00000	0.00000	0
1868	0.30577	0.27286	0
1869	0.00000	0.00000	0
1870	0.29657	0.30318	0
1871	0.00340	0.00000	0
1872	0.00000	0.00000	0
1873	0.49492	0.49429	0
1874	0.55042	0.54925	0
1875	0.47715	0.47802	0
1876	0.00000	0.00000	0
1877	0.50513	0.51039	0
1878	0.59266	0.59334	0
1879	0.59940	0.60017	0
1880	0.60079	0.59921	0
1881	0.26542	0.24067	0
1882	0.33438	0.30181	0
1883	0.26456	0.24030	0
1884	0.37102	0.40157	0
1885	0.40047	0.40233	0
1886	0.39119	0.41468	0
1887	0.26385	0.24040	0
1888	0.33788	0.33002	0
1889	0.26299	0.24003	0
1890	0.00000	0.00000	0
1891	0.40526	0.37961	0
1892	0.49462	0.49459	0
1893	0.49912	0.49779	0
1894	0.49664	0.49486	0
1895	0.49416	0.49416	0
1896	0.49370	0.49414	0
1897	0.49444	0.49406	0
1898	0.49374	0.49405	0
1899	0.35644	0.35627	0
1900	0.46926	0.46913	0
1901	0.47326	0.47314	0
1902	0.49434	0.49436	0
1903	0.49468	0.49386	0
1904	0.49452	0.49468	0
1905	0.49329	0.49391	0
1906	0.49408	0.49448	0
1907	0.49443	0.49415	0
1908	0.49492	0.49427	0
1909	0.49475	0.49384	0
1910	0.49406	0.49441	0
1911	0.49416	0.49416	0
1912	0.49416	0.49478	0
1913	0.49416	0.49416	0
1914	0.49465	0.49402	0
1915	0.49403	0.49375	0
1916	0.49465	0.49402	0
1917	0.06449	0.05874	1
1918	0.24299	0.21093	0
1919	0.27884	0.24075	0
1920	0.27761	0.23924	0
1921	0.36435	0.34575	0
1922	0.36384	0.33805	0
1923	0.13126	0.11500	1
1924	0.31347	0.30688	0
1925	0.33009	0.31225	0
1926	0.37918	0.38126	0
1927	0.38481	0.38174	0
1928	0.38375	0.38060	0
1929	0.38212	0.37929	0
1930	0.38255	0.38344	0
1931	0.37981	0.38303	0
1932	0.38473	0.38372	0
1933	0.38319	0.37687	0
1934	0.37888	0.37744	0
1935	0.38206	0.38505	0
1936	0.37895	0.37802	0
1937	0.38206	0.38505	0
1938	0.38543	0.38206	0
1939	0.37897	0.38558	0
1940	0.37902	0.37836	0
1941	0.38076	0.38115	0
1942	0.37922	0.38256	0
1943	0.38076	0.38115	0
1944	0.00000	0.00000	0
1945	0.00000	0.00000	0
1946	0.49198	0.49089	0
1947	0.38826	0.37871	0
1948	0.00000	0.00000	0
1949	0.49095	0.49166	0
1950	0.00000	0.00000	0
1951	0.30114	0.27230	0
1952	0.49303	0.49179	0
1953	0.00000	0.00000	0
1954	0.49414	0.49424	0
1955	0.58104	0.58196	0
1956	0.49200	0.49026	0
1957	0.00000	0.00000	0
1958	0.50050	0.49719	0
1959	0.61432	0.61371	0
1960	0.01919	0.01140	1
1961	0.30598	0.18696	1
1962	0.49379	0.49307	0
1963	0.00346	0.00000	0
1964	0.38249	0.38334	0
1965	0.49478	0.49473	0
1966	0.00966	0.00000	0
1967	0.37998	0.38014	0
1968	0.49488	0.49476	0
1969	0.01503	0.00000	0
1970	0.38391	0.38246	0
1971	0.00000	0.00000	0
1972	0.49012	0.49214	0
1973	0.49338	0.49221	0
1974	0.49511	0.49456	0
1975	0.38536	0.38326	0
1976	0.56687	0.56398	0
1977	0.00000	0.00000	0
1978	0.62582	0.62414	0
1979	0.49349	0.49183	0
1980	0.00000	0.00000	0
1981	0.00000	0.00000	0
1982	0.00000	0.00000	0
1983	0.00000	0.00000	0
1984	0.00000	0.00000	0
1985	0.00000	0.00000	0
1986	0.06248	0.06260	0
1987	0.00000	0.00000	0
1988	0.00000	0.00000	0
1989	0.49473	0.49403	0
1990	0.58964	0.58918	0
1991	0.38010	0.38599	0
1992	0.52819	0.49460	0
1993	0.60455	0.60742	0
1994	0.38283	0.37908	0
1995	0.49420	0.49413	0
1996	0.53272	0.53586	0
1997	0.38188	0.37582	0
1998	0.00000	0.00000	0
1999	0.61105	0.61295	0
2000	0.49229	0.49222	0
2001	0.25944	0.24703	0
2002	0.54167	0.53900	0
2003	0.49319	0.49315	0
2004	0.00000	0.00000	0
2005	0.53069	0.53121	0
2006	0.49076	0.49217	0
2007	0.29396	0.20750	0
2008	0.59607	0.59523	0
2009	0.61289	0.60758	0
2010	0.62356	0.62537	0
2011	0.59904	0.59664	0
2012	0.58951	0.58922	0
2013	0.52989	0.53248	0
2014	0.58850	0.58936	0
2015	0.39148	0.39618	0
2016	0.49403	0.49413	0
2017	0.52001	0.51834	0
2018	0.38366	0.38022	0
2019	0.49350	0.49362	0
2020	0.52200	0.52056	0
2021	0.38444	0.38485	0
2022	0.49369	0.49428	0
2023	0.51924	0.51939	0
2024	0.38068	0.37993	0
2025	0.00000	0.00000	0
2026	0.00000	0.00000	0
2027	0.49830	0.49815	0
2028	0.37323	0.37953	0
2029	0.00000	0.00000	0
2030	0.55548	0.55337	0
2031	0.00000	0.00000	0
2032	0.54192	0.54000	0
2033	0.55010	0.55908	0
2034	0.00000	0.00000	0
2035	0.49444	0.49416	0
2036	0.48342	0.48385	0
2037	0.49307	0.49226	0
2038	0.00000	0.00000	0
2039	0.48360	0.48174	0
2040	0.53675	0.54157	0
2041	0.54544	0.54953	0
2042	0.46233	0.46113	0
2043	0.27179	0.21754	0
2044	0.01816	0.01787	1
2045	0.00000	0.00000	0
2046	0.02503	0.00000	0
2047	0.00167	0.00167	0
2048	0.00000	0.00000	0
2049	0.33015	0.31437	0
2050	0.13815	0.12095	1
2051	0.36537	0.36058	0
2052	0.00000	0.00000	0
2053	0.34835	0.32175	0
2054	0.05627	0.05627	0
2055	0.38835	0.38805	0
2056	0.27784	0.21754	0
2057	0.03030	0.03030	0
2058	0.00157	0.00000	0
2059	0.00533	0.00535	0
2060	0.00000	0.00000	0
2061	0.00000	0.00000	0
2062	0.00000	0.00000	0
2063	0.00000	0.00000	0
2064	0.00000	0.00000	0
2065	0.00000	0.00000	0
2066	0.00000	0.00000	0
2067	0.00000	0.00000	0
2068	0.00000	0.00000	0
2069	0.00000	0.00000	0
2070	0.00000	0.00000	0
2071	0.00000	0.00000	0
2072	0.00000	0.00000	0
2073	0.00000	0.00000	0
2074	0.00000	0.00000	0
2075	0.00000	0.00000	0
2076	0.00000	0.00000	0
2077	0.00000	0.00000	0
2078	0.00000	0.00000	0
2079	0.00133	0.00133	0
2080	0.00000	0.00000	0
2081	0.00000	0.00000	0
2082	0.00000	0.00000	0
2083	0.00000	0.00000	0
2084	0.00000	0.00000	0
2085	0.00000	0.00000	0
2086	0.00000	0.00000	0
2087	0.00000	0.00000	0
2088	0.00000	0.00000	0
2089	0.00000	0.00000	0
2090	0.00000	0.00000	0
2091	0.00000	0.00000	0
2092	0.00000	0.00000	0
2093	0.00000	0.00000	0
2094	0.00000	0.00000	0
2095	0.00000	0.00000	0
2096	0.00000	0.00000	0
2097	0.00000	0.00000	0
2098	0.00000	0.00000	0
2099	0.00000	0.00000	0
2100	0.00000	0.00000	0
2101	0.00000	0.00000	0
2102	0.00000	0.00000	0
2103	0.00000	0.00000	0
2104	0.00000	0.00000	0
2105	0.00000	0.00000	0
2106	0.00000	0.00000	0
2107	0.00000	0.00000	0
2108	0.00000	0.00000	0
2109	0.06772	0.06467	1
2110	0.00000	0.00000	0
2111	0.00000	0.00000	0
2112	0.00000	0.00000	0
2113	0.00000	0.00000	0
2114	0.00000	0.00000	0
2115	0.00268	0.00268	0
2116	0.00428	0.00432	0
2117	0.00109	0.00109	0
2118	0.07658	0.07637	1
2119	0.00000	0.00000	0
2120	0.00000	0.00000	0
2121	0.00000	0.00000	0
2122	0.00000	0.00000	0
2123	0.00000	0.00000	0
2124	0.00000	0.00000	0
2125	0.00000	0.00000	0
2126	0.00000	0.00000	0
2127	0.00000	0.00000	0
2128	0.00000	0.00000	0
2129	0.00000	0.00000	0
2130	0.00000	0.00000	0
2131	0.00000	0.00000	0
2132	0.00000	0.00000	0
2133	0.00000	0.00000	0
2134	0.07057	0.07050	1
2135	0.00000	0.00000	0
2136	0.00000	0.00000	0
2137	0.00000	0.00000	0
2138	0.00000	0.00000	0
2139	0.00000	0.00000	0
2140	0.00000	0.00000	0
2141	0.00000	0.00000	0
2142	0.00000	0.00000	0
2143	0.00000	0.00000	0
2144	0.00000	0.00000	0
2145	0.00000	0.00000	0
2146	0.00000	0.00000	0
2147	0.00000	0.00000	0
2148	0.00000	0.00000	0
2149	0.00000	0.00000	0
2150	0.00000	0.00000	0
2151	0.00000	0.00000	0
2152	0.00000	0.00000	0
2153	0.00000	0.00000	0
2154	0.00000	0.00000	0
2155	0.00000	0.00000	0
2156	0.00000	0.00000	0
2157	0.00000	0.00000	0
2158	0.00000	0.00000	0
2159	0.00000	0.00000	0
2160	0.00000	0.00000	0
2161	0.00000	0.00000	0
2162	0.00000	0.00000	0
2163	0.00000	0.00000	0
2164	0.00000	0.00000	0
2165	0.00000	0.00000	0
2166	0.00000	0.00000	0
2167	0.00000	0.00000	0
2168	0.00000	0.00000	0
2169	0.00000	0.00000	0
2170	0.00000	0.00000	0
2171	0.00000	0.00000	0
2172	0.00000	0.00000	0
2173	0.00000	0.00000	0
2174	0.00000	0.00000	0
2175	0.00000	0.00000	0
2176	0.00000	0.00000	0
2177	0.00000	0.00000	0
2178	0.00000	0.00000	0
2179	0.00000	0.00000	0
2180	0.00000	0.00000	0
2181	0.00000	0.00000	0
2182	0.00000	0.00000	0
2183	0.00000	0.00000	0
2184	0.00000	0.00000	0
2185	0.00000	0.00000	0
2186	0.00000	0.00000	0
